Changes made at Sat Aug  9 05:58:18 UTC 2025
Changes made at Thu Nov 20 13:44:49 UTC 2025
Changes made at Thu Nov 20 14:14:10 UTC 2025
Changes made at Thu Nov 20 16:18:59 UTC 2025
Changes made at Fri Nov 21 08:20:35 UTC 2025
Changes made at Fri Nov 21 10:15:13 UTC 2025
Changes made at Fri Nov 21 14:14:05 UTC 2025
Changes made at Fri Nov 21 16:18:32 UTC 2025
Changes made at Sat Nov 22 08:17:37 UTC 2025
Changes made at Sat Nov 22 10:13:55 UTC 2025
Changes made at Sat Nov 22 14:11:53 UTC 2025
Changes made at Sat Nov 22 16:15:58 UTC 2025
Changes made at Sun Nov 23 08:17:47 UTC 2025
Changes made at Sun Nov 23 10:13:48 UTC 2025
Changes made at Sun Nov 23 14:11:56 UTC 2025
Changes made at Sun Nov 23 16:15:54 UTC 2025
Changes made at Mon Nov 24 08:21:19 UTC 2025
Changes made at Mon Nov 24 10:17:14 UTC 2025
Changes made at Mon Nov 24 14:14:43 UTC 2025
Changes made at Mon Nov 24 16:16:36 UTC 2025
Changes made at Tue Nov 25 08:20:53 UTC 2025
Changes made at Tue Nov 25 10:17:52 UTC 2025
Changes made at Tue Nov 25 14:14:48 UTC 2025
Changes made at Tue Nov 25 16:19:40 UTC 2025
Changes made at Wed Nov 26 08:20:24 UTC 2025
Changes made at Wed Nov 26 10:17:22 UTC 2025
Changes made at Wed Nov 26 14:15:13 UTC 2025
Changes made at Wed Nov 26 16:18:47 UTC 2025
Changes made at Thu Nov 27 08:21:05 UTC 2025
Changes made at Thu Nov 27 10:16:52 UTC 2025
Changes made at Thu Nov 27 14:14:37 UTC 2025
Changes made at Thu Nov 27 16:18:07 UTC 2025
Changes made at Fri Nov 28 08:20:26 UTC 2025
Changes made at Fri Nov 28 10:16:43 UTC 2025
Changes made at Fri Nov 28 14:14:18 UTC 2025
Changes made at Fri Nov 28 16:17:43 UTC 2025
Changes made at Sat Nov 29 08:18:23 UTC 2025
Changes made at Sat Nov 29 10:14:22 UTC 2025
Changes made at Sat Nov 29 14:12:47 UTC 2025
Changes made at Sat Nov 29 16:16:29 UTC 2025
Changes made at Sun Nov 30 08:17:22 UTC 2025
Changes made at Sun Nov 30 10:13:50 UTC 2025
Changes made at Sun Nov 30 14:12:55 UTC 2025
Changes made at Sun Nov 30 16:16:34 UTC 2025
Changes made at Mon Dec  1 08:23:20 UTC 2025
Changes made at Mon Dec  1 10:17:58 UTC 2025
Changes made at Mon Dec  1 14:16:15 UTC 2025
Changes made at Mon Dec  1 16:20:54 UTC 2025
Changes made at Tue Dec  2 08:22:07 UTC 2025
Changes made at Tue Dec  2 10:17:26 UTC 2025
Changes made at Tue Dec  2 14:16:22 UTC 2025
Changes made at Tue Dec  2 16:20:24 UTC 2025
Changes made at Wed Dec  3 08:20:59 UTC 2025
Changes made at Wed Dec  3 10:17:48 UTC 2025
Changes made at Wed Dec  3 14:15:53 UTC 2025
Changes made at Wed Dec  3 16:21:08 UTC 2025
Changes made at Thu Dec  4 08:21:27 UTC 2025
Changes made at Thu Dec  4 10:18:02 UTC 2025
Changes made at Thu Dec  4 14:16:04 UTC 2025
Changes made at Thu Dec  4 16:20:57 UTC 2025
Changes made at Fri Dec  5 08:20:33 UTC 2025
